-- MySQL dump 10.13  Distrib 5.7.22, for Linux (x86_64)
--
-- Host: localhost    Database: OpenFleetr
-- ------------------------------------------------------
-- Server version	5.7.22-0ubuntu18.04.1

/*!40101 SET @OLD_CHARACTER_SET_CLIENT=@@CHARACTER_SET_CLIENT */;
/*!40101 SET @OLD_CHARACTER_SET_RESULTS=@@CHARACTER_SET_RESULTS */;
/*!40101 SET @OLD_COLLATION_CONNECTION=@@COLLATION_CONNECTION */;
/*!40101 SET NAMES utf8 */;
/*!40103 SET @OLD_TIME_ZONE=@@TIME_ZONE */;
/*!40103 SET TIME_ZONE='+00:00' */;
/*!40014 SET @OLD_UNIQUE_CHECKS=@@UNIQUE_CHECKS, UNIQUE_CHECKS=0 */;
/*!40014 SET @OLD_FOREIGN_KEY_CHECKS=@@FOREIGN_KEY_CHECKS, FOREIGN_KEY_CHECKS=0 */;
/*!40101 SET @OLD_SQL_MODE=@@SQL_MODE, SQL_MODE='NO_AUTO_VALUE_ON_ZERO' */;
/*!40111 SET @OLD_SQL_NOTES=@@SQL_NOTES, SQL_NOTES=0 */;

--
-- Table structure for table `ApiUser`
--

DROP TABLE IF EXISTS `ApiUser`;
/*!40101 SET @saved_cs_client     = @@character_set_client */;
/*!40101 SET character_set_client = utf8 */;
CREATE TABLE `ApiUser` (
  `userId` int(11) DEFAULT NULL,
  `id` int(11) NOT NULL AUTO_INCREMENT,
  `applicationName` varchar(100) DEFAULT NULL,
  `maintainerEmail` varchar(100) DEFAULT NULL,
  PRIMARY KEY (`id`),
  KEY `ApiUser_User_FK` (`userId`),
  CONSTRAINT `ApiUser_User_FK` FOREIGN KEY (`userId`) REFERENCES `User` (`id`) ON DELETE CASCADE ON UPDATE CASCADE
) ENGINE=InnoDB AUTO_INCREMENT=2 DEFAULT CHARSET=utf8;
/*!40101 SET character_set_client = @saved_cs_client */;

--
-- Dumping data for table `ApiUser`
--

LOCK TABLES `ApiUser` WRITE;
/*!40000 ALTER TABLE `ApiUser` DISABLE KEYS */;
INSERT INTO `ApiUser` VALUES (3,1,'helthcareapp','hamzeh@somemai.com');
/*!40000 ALTER TABLE `ApiUser` ENABLE KEYS */;
UNLOCK TABLES;

--
-- Table structure for table `DispatchOrder`
--

DROP TABLE IF EXISTS `DispatchOrder`;
/*!40101 SET @saved_cs_client     = @@character_set_client */;
/*!40101 SET character_set_client = utf8 */;
CREATE TABLE `DispatchOrder` (
  `id` int(11) NOT NULL AUTO_INCREMENT,
  `startLatitude` double DEFAULT NULL,
  `startLongitude` double DEFAULT NULL,
  `creationDate` varchar(100) DEFAULT NULL,
  `startDate` varchar(100) DEFAULT NULL,
  `completionDate` varchar(100) DEFAULT NULL,
  `vehicleId` int(11) NOT NULL,
  `firstName` varchar(100) DEFAULT NULL,
  `lastName` varchar(100) DEFAULT NULL,
  `phoneNumber` varchar(100) DEFAULT NULL,
  `notes` varchar(100) DEFAULT NULL,
  `status` int(11) NOT NULL,
  `destinationHospitalId` int(11) DEFAULT NULL,
  `timeStamp` timestamp(3) NULL DEFAULT CURRENT_TIMESTAMP(3) ON UPDATE CURRENT_TIMESTAMP(3),
  `userId` int(11) DEFAULT NULL,
  `dispatcherId` int(11) DEFAULT NULL,
  PRIMARY KEY (`id`),
  KEY `DispatchOrder_Vehicle_FK` (`vehicleId`),
  KEY `DispatchOrder_Hospital_FK` (`destinationHospitalId`),
  KEY `DispatchOrder_User_FK` (`userId`),
  CONSTRAINT `DispatchOrder_Hospital_FK` FOREIGN KEY (`destinationHospitalId`) REFERENCES `Hospital` (`id`),
  CONSTRAINT `DispatchOrder_User_FK` FOREIGN KEY (`userId`) REFERENCES `User` (`id`),
  CONSTRAINT `DispatchOrder_Vehicle_FK` FOREIGN KEY (`vehicleId`) REFERENCES `Vehicle` (`id`)
) ENGINE=InnoDB AUTO_INCREMENT=60 DEFAULT CHARSET=utf8;
/*!40101 SET character_set_client = @saved_cs_client */;

--
-- Dumping data for table `DispatchOrder`
--

LOCK TABLES `DispatchOrder` WRITE;
/*!40000 ALTER TABLE `DispatchOrder` DISABLE KEYS */;
INSERT INTO `DispatchOrder` VALUES (1,10,15,'Sun Jun 17 20:49:15 UTC 2018',NULL,NULL,1,'test','request','059999','nothing',2,NULL,'2018-06-18 17:29:14.305',3,NULL),(2,12,15,'Sun Jun 17 20:49:50 UTC 2018',NULL,NULL,1,'test','request2','059999','nothing',2,NULL,'2018-06-18 17:29:14.305',3,NULL),(3,12,15,'Sun Jun 17 20:57:26 UTC 2018',NULL,NULL,1,'test','request3','059999','nothing',2,NULL,'2018-06-18 17:29:14.305',3,NULL),(4,12,15,'Sun Jun 17 21:24:11 UTC 2018',NULL,NULL,1,'test','request3','059999','nothing',2,NULL,'2018-06-18 17:29:14.305',NULL,NULL),(5,NULL,NULL,'Sun Jun 17 21:33:36 UTC 2018',NULL,NULL,1,NULL,NULL,NULL,NULL,2,NULL,'2018-06-18 17:29:14.305',3,NULL),(6,105,130,'Mon Jun 18 06:55:38 UTC 2018',NULL,NULL,1,'test','request6','059999','nothing',2,NULL,'2018-06-18 17:29:14.305',3,NULL),(7,0,0,'Mon Jun 18 08:10:15 UTC 2018',NULL,NULL,1,'Android','test','05999','notes',2,NULL,'2018-06-18 17:29:14.305',3,NULL),(8,0,0,'Mon Jun 18 09:47:45 UTC 2018',NULL,NULL,1,'Android','test','05999','notes',2,NULL,'2018-06-18 17:29:14.305',3,NULL),(9,0,0,'Mon Jun 18 09:47:46 UTC 2018',NULL,NULL,1,'Android','test','05999','notes',2,NULL,'2018-06-18 17:29:14.305',3,NULL),(10,0,0,'Mon Jun 18 09:47:50 UTC 2018',NULL,NULL,1,'Android','test','05999','notes',2,NULL,'2018-06-18 17:29:14.305',3,NULL),(11,0,0,'Mon Jun 18 10:23:51 UTC 2018',NULL,NULL,1,'Android','test','05999','notes',2,NULL,'2018-06-18 17:29:14.305',3,NULL),(12,NULL,NULL,'Mon Jun 18 23:54:54 EEST 2018',NULL,NULL,1,'sdfgsdfg','sdfgsdfg','sdfgsdfg','sdfgsdfg',2,1,'2018-06-18 21:27:04.972',2,NULL),(13,NULL,NULL,'Mon Jun 18 23:58:15 EEST 2018',NULL,NULL,1,'sfg',NULL,'sfdg','ssdfg',2,1,'2018-06-18 21:27:04.972',2,NULL),(14,NULL,NULL,'Mon Jun 18 23:59:50 EEST 2018',NULL,NULL,1,'asdf',NULL,'asdf','adsf',2,1,'2018-06-18 21:27:04.972',2,NULL),(15,NULL,NULL,'Tue Jun 19 00:01:23 EEST 2018',NULL,NULL,1,'adsfasdf',NULL,'adfasdf','adsfasdfasdf',2,1,'2018-06-18 21:27:04.972',2,NULL),(16,NULL,NULL,'Tue Jun 19 00:01:32 EEST 2018',NULL,NULL,1,'adsfasdf',NULL,'adfasdf','adsfasdfasdf',2,1,'2018-06-18 21:27:04.972',2,NULL),(17,NULL,NULL,'Tue Jun 19 00:02:12 EEST 2018',NULL,NULL,1,'adf',NULL,'adsf','adf',2,1,'2018-06-18 21:27:04.972',2,NULL),(18,31.75940933330657,35.276412963867195,'Tue Jun 19 00:11:00 EEST 2018',NULL,NULL,1,'adf',NULL,'asdf','adsf',2,1,'2018-06-18 21:27:04.972',2,NULL),(19,31.76627015411069,35.26147842407227,'Tue Jun 19 00:13:16 EEST 2018',NULL,NULL,1,'adf',NULL,'asdf','adf',2,1,'2018-06-18 21:27:04.972',2,NULL),(20,31.839083627706504,35.22216796875001,'Tue Jun 19 00:19:23 EEST 2018',NULL,NULL,1,'',NULL,'','',2,1,'2018-06-18 21:27:04.972',2,NULL),(21,31.777801988760398,35.19641876220704,'Tue Jun 19 00:26:43 EEST 2018',NULL,NULL,1,'sfdgsfg',NULL,'sdfgsdfg','sfdgsdfg',2,1,'2018-06-18 21:27:04.972',2,NULL),(22,31.905494827590907,34.94201660156251,'Tue Jun 19 00:29:22 EEST 2018','Tue Jun 19 02:15:13 EEST 2018','Tue Jun 19 02:18:39 EEST 2018',1,'asisfhaoishfdoi',NULL,'asdfoiasdhf','adfhioasdhfo',2,1,'2018-06-18 23:18:40.118',2,NULL),(23,31.7935816684274,35.12878417968751,'Tue Jun 19 00:29:35 EEST 2018','Tue Jun 19 02:42:56 EEST 2018','Tue Jun 19 02:43:25 EEST 2018',1,'asisfhaoishfdoi',NULL,'asdfoiasdhf','adfhioasdhfo',2,1,'2018-06-18 23:43:25.195',2,NULL),(24,32.57456138526988,35.50781250000001,'Tue Jun 19 02:46:11 EEST 2018','Tue Jun 19 02:50:06 EEST 2018','Tue Jun 19 02:50:10 EEST 2018',1,'',NULL,'','',2,1,'2018-06-18 23:50:10.565',2,NULL),(25,32.639348248999184,35.11230468750001,'Tue Jun 19 02:46:16 EEST 2018','Tue Jun 19 02:50:17 EEST 2018','Tue Jun 19 02:50:21 EEST 2018',1,'',NULL,'','',2,1,'2018-06-18 23:50:21.318',2,NULL),(26,32.54678124548524,35.09033203125001,'Tue Jun 19 02:46:20 EEST 2018','Tue Jun 19 02:46:55 EEST 2018','Tue Jun 19 02:47:02 EEST 2018',1,'',NULL,'','',2,1,'2018-06-18 23:47:02.952',2,NULL),(27,32.35207971152855,35.05737304687501,'Tue Jun 19 02:48:00 EEST 2018','Tue Jun 19 02:50:34 EEST 2018','Tue Jun 19 02:50:38 EEST 2018',1,'',NULL,'','',2,1,'2018-06-18 23:50:38.259',2,NULL),(28,32.51712421993051,35.24414062500001,'Tue Jun 19 02:51:29 EEST 2018','Tue Jun 19 02:53:30 EEST 2018','Tue Jun 19 02:53:34 EEST 2018',1,'',NULL,'','',2,1,'2018-06-18 23:53:34.898',2,NULL),(29,32.28553336596508,35.09033203125001,'Tue Jun 19 02:51:52 EEST 2018','Tue Jun 19 02:53:51 EEST 2018','Tue Jun 19 02:53:55 EEST 2018',1,'',NULL,'','',2,1,'2018-06-18 23:53:55.410',2,NULL),(30,32.550223225442885,35.33752441406251,'Tue Jun 19 02:57:44 EEST 2018','Tue Jun 19 02:58:27 EEST 2018','Tue Jun 19 02:59:59 EEST 2018',1,'',NULL,'','',2,1,'2018-06-18 23:59:59.454',2,NULL),(31,32.37433301222425,34.96398925781251,'Tue Jun 19 02:58:03 EEST 2018','Tue Jun 19 03:01:11 EEST 2018','Tue Jun 19 03:01:17 EEST 2018',1,'',NULL,'','',2,1,'2018-06-19 00:01:17.917',2,NULL),(32,32.174885740463246,35.63415527343751,'Tue Jun 19 02:58:06 EEST 2018','Tue Jun 19 03:02:20 EEST 2018','Tue Jun 19 03:02:24 EEST 2018',1,'',NULL,'','',2,1,'2018-06-19 00:02:24.417',2,NULL),(33,31.76929931711767,35.25838851928712,'Tue Jun 19 03:05:33 EEST 2018','Tue Jun 19 03:06:12 EEST 2018','Tue Jun 19 03:06:16 EEST 2018',1,'',NULL,'','',2,1,'2018-06-19 00:06:16.364',2,NULL),(34,31.748017521015218,35.273151397705085,'Tue Jun 19 03:05:38 EEST 2018',NULL,NULL,1,'',NULL,'','',2,4,'2018-06-19 00:48:07.116',2,NULL),(35,31.770756795314714,35.29821395874024,'Tue Jun 19 03:05:42 EEST 2018',NULL,NULL,1,'',NULL,'','',2,4,'2018-06-19 00:39:35.717',2,NULL),(36,32.55517218055895,35.20019531250001,'Tue Jun 19 03:48:49 EEST 2018','Tue Jun 19 03:52:04 EEST 2018','Tue Jun 19 03:52:12 EEST 2018',1,'',NULL,'','',2,1,'2018-06-19 00:52:12.853',2,NULL),(37,31.789324723582023,35.27057647705079,'Tue Jun 19 03:58:43 EEST 2018','Tue Jun 19 03:59:13 EEST 2018','Tue Jun 19 03:59:14 EEST 2018',1,'',NULL,'','',2,1,'2018-06-19 00:59:14.414',2,NULL),(38,31.778088284478432,35.22062301635743,'Tue Jun 19 03:58:47 EEST 2018','Tue Jun 19 03:59:17 EEST 2018','Tue Jun 19 03:59:18 EEST 2018',1,'',NULL,'','',2,1,'2018-06-19 00:59:18.048',2,NULL),(39,31.76086615715889,35.26611328125001,'Tue Jun 19 03:58:51 EEST 2018','Tue Jun 19 03:59:20 EEST 2018','Tue Jun 19 03:59:20 EEST 2018',1,'',NULL,'','',2,4,'2018-06-19 00:59:20.772',2,NULL),(40,31.7766289148114,35.239677429199226,'Tue Jun 19 04:03:13 EEST 2018','Tue Jun 19 04:03:20 EEST 2018','Tue Jun 19 04:03:24 EEST 2018',1,'',NULL,'','',2,1,'2018-06-19 01:03:24.870',2,NULL),(41,31.764077455042667,35.25238037109376,'Tue Jun 19 04:06:22 EEST 2018','Tue Jun 19 04:06:33 EEST 2018','Tue Jun 19 04:06:34 EEST 2018',1,'',NULL,'','',2,1,'2018-06-19 01:06:34.090',2,NULL),(42,31.76612085498237,35.30216217041016,'Tue Jun 19 04:06:26 EEST 2018','Tue Jun 19 04:06:36 EEST 2018','Tue Jun 19 04:06:37 EEST 2018',1,'',NULL,'','',2,4,'2018-06-19 01:06:37.247',2,NULL),(43,31.765391074469612,35.297355651855476,'Tue Jun 19 04:06:48 EEST 2018','Tue Jun 19 04:08:14 EEST 2018','Tue Jun 19 04:08:14 EEST 2018',1,'',NULL,'','',2,4,'2018-06-19 01:08:14.739',2,NULL),(44,31.770353468452353,35.290660858154304,'Tue Jun 19 04:10:02 EEST 2018','Tue Jun 19 04:10:22 EEST 2018','Tue Jun 19 04:10:23 EEST 2018',1,'',NULL,'','',2,4,'2018-06-19 01:10:23.339',2,NULL),(45,31.772834565634696,35.23555755615235,'Tue Jun 19 04:10:04 EEST 2018','Tue Jun 19 04:10:32 EEST 2018','Tue Jun 19 04:10:33 EEST 2018',1,'',NULL,'','',2,4,'2018-06-19 01:10:33.274',2,NULL),(46,31.768310020642758,35.278644561767585,'Tue Jun 19 04:13:04 EEST 2018','Tue Jun 19 04:13:20 EEST 2018','Tue Jun 19 04:13:21 EEST 2018',1,'',NULL,'','',2,1,'2018-06-19 01:13:21.108',2,NULL),(47,31.76363943640571,35.27744293212891,'Tue Jun 19 04:13:42 EEST 2018','Tue Jun 19 04:13:58 EEST 2018','Tue Jun 19 04:13:58 EEST 2018',1,'',NULL,'','',2,4,'2018-06-19 01:13:58.502',2,NULL),(48,31.769769529868388,35.23349761962891,'Tue Jun 19 04:13:44 EEST 2018','Tue Jun 19 04:14:12 EEST 2018','Tue Jun 19 04:14:13 EEST 2018',1,'',NULL,'','',2,1,'2018-06-19 01:14:13.438',2,NULL),(49,31.802456501277323,35.25135040283204,'Tue Jun 19 04:13:47 EEST 2018','Tue Jun 19 04:17:13 EEST 2018','Tue Jun 19 04:17:18 EEST 2018',1,'',NULL,'','',2,1,'2018-06-19 01:17:18.194',2,NULL),(50,31.76072020154382,35.23160934448243,'Tue Jun 19 04:17:06 EEST 2018','Tue Jun 19 04:17:27 EEST 2018','Tue Jun 19 04:17:40 EEST 2018',1,'',NULL,'','',2,1,'2018-06-19 01:17:41.002',2,NULL),(51,31.787135294256753,35.13015747070313,'Tue Jun 19 04:21:48 EEST 2018','Tue Jun 19 04:22:09 EEST 2018','Tue Jun 19 04:22:09 EEST 2018',1,'',NULL,'','',2,1,'2018-06-19 01:22:10.054',2,NULL),(52,31.775460767748925,35.39245605468751,'Tue Jun 19 04:21:53 EEST 2018','Tue Jun 19 04:24:28 EEST 2018','Tue Jun 19 04:24:29 EEST 2018',1,'',NULL,'','',2,4,'2018-06-19 01:24:29.480',2,NULL),(53,31.925366127630415,35.26336669921876,'Tue Jun 19 04:21:56 EEST 2018','Tue Jun 19 04:24:34 EEST 2018','Tue Jun 19 04:24:35 EEST 2018',1,'',NULL,'','',2,1,'2018-06-19 01:24:35.259',2,NULL),(54,31.76436923073284,35.2492904663086,'Tue Jun 19 04:25:17 EEST 2018','Tue Jun 19 04:25:33 EEST 2018','Tue Jun 19 04:25:36 EEST 2018',1,'',NULL,'','',2,1,'2018-06-19 01:25:36.696',2,NULL),(55,31.7658288021206,35.29804229736329,'Tue Jun 19 04:25:21 EEST 2018','Tue Jun 19 04:25:43 EEST 2018','Tue Jun 19 04:25:44 EEST 2018',1,'',NULL,'','',2,4,'2018-06-19 01:25:44.286',2,NULL),(56,31.794577663541556,35.24036407470704,'Tue Jun 19 04:25:24 EEST 2018','Tue Jun 19 04:25:54 EEST 2018','Tue Jun 19 04:25:54 EEST 2018',1,'',NULL,'','',2,1,'2018-06-19 01:25:54.954',2,NULL),(57,31.77881797314687,35.28877258300782,'Tue Jun 19 04:27:38 EEST 2018','Tue Jun 19 04:27:51 EEST 2018','Tue Jun 19 04:27:52 EEST 2018',1,'',NULL,'','',2,1,'2018-06-19 01:27:52.249',2,NULL),(58,31.75867668235146,35.23109436035157,'Tue Jun 19 04:27:42 EEST 2018','Tue Jun 19 04:27:55 EEST 2018','Tue Jun 19 04:27:56 EEST 2018',1,'',NULL,'','',2,1,'2018-06-19 01:27:56.261',2,NULL),(59,31.79997619888208,35.23950576782227,'Tue Jun 19 04:27:44 EEST 2018','Tue Jun 19 04:28:03 EEST 2018','Tue Jun 19 04:28:12 EEST 2018',1,'',NULL,'','',2,1,'2018-06-19 01:28:12.352',2,NULL);
/*!40000 ALTER TABLE `DispatchOrder` ENABLE KEYS */;
UNLOCK TABLES;

--
-- Table structure for table `Dispatcher`
--

DROP TABLE IF EXISTS `Dispatcher`;
/*!40101 SET @saved_cs_client     = @@character_set_client */;
/*!40101 SET character_set_client = utf8 */;
CREATE TABLE `Dispatcher` (
  `id` int(11) NOT NULL AUTO_INCREMENT,
  `firstName` varchar(100) DEFAULT NULL,
  `lastName` varchar(100) DEFAULT NULL,
  `userId` int(11) DEFAULT NULL,
  `birthDate` varchar(100) DEFAULT NULL,
  `phoneNumber` varchar(100) DEFAULT NULL,
  PRIMARY KEY (`id`),
  KEY `Dispatcher_User_FK` (`userId`),
  CONSTRAINT `Dispatcher_User_FK` FOREIGN KEY (`userId`) REFERENCES `User` (`id`)
) ENGINE=InnoDB AUTO_INCREMENT=5 DEFAULT CHARSET=utf8;
/*!40101 SET character_set_client = @saved_cs_client */;

--
-- Dumping data for table `Dispatcher`
--

LOCK TABLES `Dispatcher` WRITE;
/*!40000 ALTER TABLE `Dispatcher` DISABLE KEYS */;
INSERT INTO `Dispatcher` VALUES (1,'Tareq','Kirresh',2,'23-7-1997','0595541800'),(2,NULL,NULL,5,NULL,NULL),(3,NULL,NULL,6,NULL,NULL),(4,NULL,NULL,7,NULL,NULL);
/*!40000 ALTER TABLE `Dispatcher` ENABLE KEYS */;
UNLOCK TABLES;

--
-- Table structure for table `Driver`
--

DROP TABLE IF EXISTS `Driver`;
/*!40101 SET @saved_cs_client     = @@character_set_client */;
/*!40101 SET character_set_client = utf8 */;
CREATE TABLE `Driver` (
  `id` int(11) NOT NULL AUTO_INCREMENT,
  `firstName` varchar(100) DEFAULT NULL,
  `lastName` varchar(100) DEFAULT NULL,
  `userId` int(11) DEFAULT NULL,
  `birthDate` varchar(100) DEFAULT NULL,
  `phoneNumber` varchar(100) DEFAULT NULL,
  PRIMARY KEY (`id`),
  KEY `Driver_User_FK` (`userId`),
  CONSTRAINT `Driver_User_FK` FOREIGN KEY (`userId`) REFERENCES `User` (`id`) ON DELETE CASCADE ON UPDATE CASCADE
) ENGINE=InnoDB AUTO_INCREMENT=2 DEFAULT CHARSET=utf8;
/*!40101 SET character_set_client = @saved_cs_client */;

--
-- Dumping data for table `Driver`
--

LOCK TABLES `Driver` WRITE;
/*!40000 ALTER TABLE `Driver` DISABLE KEYS */;
INSERT INTO `Driver` VALUES (1,'Tareq','Kirresh',4,'2018-06-19','059551800');
/*!40000 ALTER TABLE `Driver` ENABLE KEYS */;
UNLOCK TABLES;

--
-- Table structure for table `Hospital`
--

DROP TABLE IF EXISTS `Hospital`;
/*!40101 SET @saved_cs_client     = @@character_set_client */;
/*!40101 SET character_set_client = utf8 */;
CREATE TABLE `Hospital` (
  `id` int(11) NOT NULL AUTO_INCREMENT,
  `name` varchar(100) DEFAULT NULL,
  `latitude` varchar(100) DEFAULT NULL,
  `longitude` varchar(100) DEFAULT NULL,
  PRIMARY KEY (`id`)
) ENGINE=InnoDB AUTO_INCREMENT=5 DEFAULT CHARSET=utf8;
/*!40101 SET character_set_client = @saved_cs_client */;

--
-- Dumping data for table `Hospital`
--

LOCK TABLES `Hospital` WRITE;
/*!40000 ALTER TABLE `Hospital` DISABLE KEYS */;
INSERT INTO `Hospital` VALUES (1,'qerqerqwerqwer','31.781298465181337','35.257186889648445'),(2,'my hospital','54.77534585936449','64.16015625000001'),(3,'adfasdfasdfasdf','8.059229627200192','181.40625'),(4,'my hospital','31.74308169337441','35.2793312072754');
/*!40000 ALTER TABLE `Hospital` ENABLE KEYS */;
UNLOCK TABLES;

--
-- Table structure for table `LocationHistory`
--

DROP TABLE IF EXISTS `LocationHistory`;
/*!40101 SET @saved_cs_client     = @@character_set_client */;
/*!40101 SET character_set_client = utf8 */;
CREATE TABLE `LocationHistory` (
  `id` int(11) NOT NULL AUTO_INCREMENT,
  `vehicleId` int(11) DEFAULT NULL,
  `latitude` double DEFAULT NULL,
  `longitude` double DEFAULT NULL,
  `timeStamp` timestamp(3) NULL DEFAULT CURRENT_TIMESTAMP(3),
  PRIMARY KEY (`id`),
  KEY `LocationHistory_Vehicle_FK` (`vehicleId`),
  CONSTRAINT `LocationHistory_Vehicle_FK` FOREIGN KEY (`vehicleId`) REFERENCES `Vehicle` (`id`)
) ENGINE=InnoDB DEFAULT CHARSET=utf8;
/*!40101 SET character_set_client = @saved_cs_client */;

--
-- Dumping data for table `LocationHistory`
--

LOCK TABLES `LocationHistory` WRITE;
/*!40000 ALTER TABLE `LocationHistory` DISABLE KEYS */;
/*!40000 ALTER TABLE `LocationHistory` ENABLE KEYS */;
UNLOCK TABLES;

--
-- Table structure for table `StatusHistory`
--

DROP TABLE IF EXISTS `StatusHistory`;
/*!40101 SET @saved_cs_client     = @@character_set_client */;
/*!40101 SET character_set_client = utf8 */;
CREATE TABLE `StatusHistory` (
  `id` int(11) NOT NULL AUTO_INCREMENT,
  `vehicleId` int(11) DEFAULT NULL,
  `userId` int(11) DEFAULT NULL,
  `fromValue` int(11) DEFAULT NULL,
  `toValue` int(11) DEFAULT NULL,
  `timeStamp` timestamp(3) NOT NULL DEFAULT CURRENT_TIMESTAMP(3),
  PRIMARY KEY (`id`),
  KEY `StatusHistory_User_FK` (`userId`),
  KEY `StatusHistory_Vehicle_FK` (`vehicleId`),
  CONSTRAINT `StatusHistory_User_FK` FOREIGN KEY (`userId`) REFERENCES `User` (`id`),
  CONSTRAINT `StatusHistory_Vehicle_FK` FOREIGN KEY (`vehicleId`) REFERENCES `Vehicle` (`id`)
) ENGINE=InnoDB AUTO_INCREMENT=171 DEFAULT CHARSET=utf8;
/*!40101 SET character_set_client = @saved_cs_client */;

--
-- Dumping data for table `StatusHistory`
--

LOCK TABLES `StatusHistory` WRITE;
/*!40000 ALTER TABLE `StatusHistory` DISABLE KEYS */;
INSERT INTO `StatusHistory` VALUES (1,1,4,0,1,'2018-06-18 10:09:08.814'),(2,1,4,1,0,'2018-06-18 10:09:13.925'),(3,1,4,0,1,'2018-06-18 10:09:31.576'),(4,1,4,1,0,'2018-06-18 10:13:53.606'),(5,1,4,0,1,'2018-06-18 10:16:04.690'),(6,1,4,1,0,'2018-06-18 10:18:56.273'),(7,1,4,0,1,'2018-06-18 10:19:05.923'),(8,1,4,1,0,'2018-06-18 10:26:07.981'),(9,1,4,0,1,'2018-06-18 10:28:48.682'),(10,1,4,1,0,'2018-06-18 10:31:42.087'),(11,1,4,0,1,'2018-06-18 10:33:46.267'),(12,1,4,1,0,'2018-06-18 10:37:44.200'),(13,1,4,0,1,'2018-06-18 10:38:00.519'),(14,1,4,1,0,'2018-06-18 10:46:01.102'),(15,1,4,0,1,'2018-06-18 10:47:28.671'),(16,1,4,1,0,'2018-06-18 22:24:43.907'),(17,2,4,0,1,'2018-06-18 22:24:48.631'),(18,2,4,1,0,'2018-06-18 22:39:03.002'),(19,2,4,1,0,'2018-06-18 22:39:04.030'),(20,2,4,1,0,'2018-06-18 22:39:04.201'),(21,2,4,1,0,'2018-06-18 22:39:04.367'),(22,2,4,1,0,'2018-06-18 22:39:04.517'),(23,2,4,1,0,'2018-06-18 22:39:04.610'),(24,2,4,1,0,'2018-06-18 22:39:31.807'),(25,2,4,1,0,'2018-06-18 22:39:39.368'),(26,1,4,0,1,'2018-06-18 22:41:11.294'),(27,1,4,1,0,'2018-06-18 22:42:14.835'),(28,1,4,0,1,'2018-06-18 22:42:19.957'),(29,1,4,1,0,'2018-06-18 22:42:59.308'),(30,2,4,0,1,'2018-06-18 22:43:01.808'),(31,2,4,1,0,'2018-06-18 22:43:16.835'),(32,2,4,1,0,'2018-06-18 22:47:02.462'),(33,2,4,1,0,'2018-06-18 22:47:11.264'),(34,2,4,1,0,'2018-06-18 22:48:09.628'),(35,2,4,1,0,'2018-06-18 22:48:10.267'),(36,2,4,1,0,'2018-06-18 22:48:10.452'),(37,2,4,1,0,'2018-06-18 22:48:10.608'),(38,2,4,1,0,'2018-06-18 22:48:10.746'),(39,2,4,1,0,'2018-06-18 22:48:10.876'),(40,2,4,1,0,'2018-06-18 22:48:11.003'),(41,2,4,1,0,'2018-06-18 22:48:11.102'),(42,2,4,1,0,'2018-06-18 22:48:11.217'),(43,2,4,1,0,'2018-06-18 22:48:11.325'),(44,2,4,1,0,'2018-06-18 22:48:11.450'),(45,2,4,1,0,'2018-06-18 22:48:11.581'),(46,2,4,1,0,'2018-06-18 22:48:11.677'),(47,2,4,1,0,'2018-06-18 22:48:11.763'),(48,2,4,1,0,'2018-06-18 22:48:11.929'),(49,1,4,0,1,'2018-06-18 22:48:56.275'),(50,1,4,0,1,'2018-06-18 22:53:58.780'),(51,1,4,0,1,'2018-06-18 22:55:58.855'),(52,1,4,1,0,'2018-06-18 22:57:05.782'),(53,2,4,0,1,'2018-06-18 22:57:09.130'),(54,2,4,1,0,'2018-06-18 23:01:19.981'),(55,2,4,1,0,'2018-06-18 23:01:43.350'),(56,2,4,1,0,'2018-06-18 23:01:54.269'),(57,2,4,1,0,'2018-06-18 23:01:54.422'),(58,2,4,1,0,'2018-06-18 23:01:54.543'),(59,2,4,1,0,'2018-06-18 23:01:54.670'),(60,2,4,1,0,'2018-06-18 23:01:54.760'),(61,2,4,1,0,'2018-06-18 23:01:54.864'),(62,2,4,1,0,'2018-06-18 23:01:54.996'),(63,2,4,1,0,'2018-06-18 23:01:55.105'),(64,2,4,1,0,'2018-06-18 23:01:55.219'),(65,2,4,1,0,'2018-06-18 23:01:55.323'),(66,2,4,1,0,'2018-06-18 23:01:55.442'),(67,2,4,1,0,'2018-06-18 23:01:57.026'),(68,2,4,1,0,'2018-06-18 23:01:57.182'),(69,2,4,1,0,'2018-06-18 23:01:57.318'),(70,2,4,1,0,'2018-06-18 23:01:57.457'),(71,2,4,1,0,'2018-06-18 23:01:57.585'),(72,2,4,1,0,'2018-06-18 23:01:57.701'),(73,2,4,1,0,'2018-06-18 23:01:57.809'),(74,2,4,1,0,'2018-06-18 23:01:57.934'),(75,2,4,1,0,'2018-06-18 23:01:58.039'),(76,2,4,1,0,'2018-06-18 23:01:58.140'),(77,2,4,1,0,'2018-06-18 23:01:58.266'),(78,2,4,1,0,'2018-06-18 23:01:58.477'),(79,2,4,1,0,'2018-06-18 23:02:21.875'),(80,2,4,1,0,'2018-06-18 23:02:22.062'),(81,2,4,1,0,'2018-06-18 23:02:22.255'),(82,2,4,1,0,'2018-06-18 23:02:22.440'),(83,2,4,1,0,'2018-06-18 23:02:22.662'),(84,2,4,1,0,'2018-06-18 23:02:22.921'),(85,2,4,1,0,'2018-06-18 23:02:23.073'),(86,2,4,1,0,'2018-06-18 23:02:23.199'),(87,2,4,1,0,'2018-06-18 23:02:23.327'),(88,2,4,1,0,'2018-06-18 23:02:23.449'),(89,2,4,1,0,'2018-06-18 23:02:23.552'),(90,2,4,1,0,'2018-06-18 23:02:23.666'),(91,2,4,1,0,'2018-06-18 23:02:23.772'),(92,2,4,1,0,'2018-06-18 23:02:27.595'),(93,2,4,1,0,'2018-06-18 23:02:27.777'),(94,2,4,1,0,'2018-06-18 23:02:27.919'),(95,2,4,1,0,'2018-06-18 23:02:28.056'),(96,2,4,1,0,'2018-06-18 23:02:28.209'),(97,2,4,1,0,'2018-06-18 23:02:28.347'),(98,2,4,1,0,'2018-06-18 23:02:28.598'),(99,2,4,1,0,'2018-06-18 23:02:28.763'),(100,2,4,1,0,'2018-06-18 23:02:28.951'),(101,2,4,1,0,'2018-06-18 23:02:29.110'),(102,2,4,1,0,'2018-06-18 23:02:29.288'),(103,2,4,1,0,'2018-06-18 23:03:09.667'),(104,2,4,0,1,'2018-06-18 23:03:39.662'),(105,2,4,1,0,'2018-06-18 23:04:18.142'),(106,1,4,0,1,'2018-06-18 23:04:25.588'),(107,1,4,1,0,'2018-06-18 23:18:55.365'),(108,3,4,0,1,'2018-06-18 23:19:02.689'),(109,3,4,1,0,'2018-06-18 23:19:12.036'),(110,4,4,0,1,'2018-06-18 23:19:21.327'),(111,4,4,1,0,'2018-06-18 23:19:29.995'),(112,5,4,0,1,'2018-06-18 23:19:33.220'),(113,5,4,1,0,'2018-06-18 23:19:38.100'),(114,1,4,0,1,'2018-06-18 23:20:03.672'),(115,1,4,1,0,'2018-06-18 23:35:43.598'),(116,1,4,0,1,'2018-06-18 23:35:47.444'),(117,1,4,1,0,'2018-06-18 23:36:46.328'),(118,1,4,0,1,'2018-06-18 23:37:00.376'),(119,1,4,1,0,'2018-06-18 23:41:54.474'),(120,1,4,0,1,'2018-06-18 23:41:57.121'),(121,1,4,1,0,'2018-06-18 23:42:29.345'),(122,1,4,0,1,'2018-06-18 23:42:39.303'),(123,1,4,1,0,'2018-06-18 23:54:37.721'),(124,1,4,0,1,'2018-06-18 23:57:31.618'),(125,1,4,1,0,'2018-06-19 00:01:57.368'),(126,1,4,0,1,'2018-06-19 00:02:03.381'),(127,1,4,1,0,'2018-06-19 00:35:22.121'),(128,1,4,0,1,'2018-06-19 00:35:30.087'),(129,1,4,1,0,'2018-06-19 00:36:52.783'),(130,1,4,0,1,'2018-06-19 00:36:57.741'),(131,1,4,1,0,'2018-06-19 00:38:37.780'),(132,1,4,0,1,'2018-06-19 00:38:45.271'),(133,1,4,1,0,'2018-06-19 00:39:46.775'),(134,1,4,0,1,'2018-06-19 00:39:49.088'),(135,1,4,1,0,'2018-06-19 00:43:40.737'),(136,1,4,0,1,'2018-06-19 00:43:47.849'),(137,1,4,1,0,'2018-06-19 00:44:56.488'),(138,1,4,0,1,'2018-06-19 00:45:02.000'),(139,1,4,1,0,'2018-06-19 00:47:20.509'),(140,1,4,0,1,'2018-06-19 00:47:25.858'),(141,1,4,1,0,'2018-06-19 00:48:20.262'),(142,1,4,0,1,'2018-06-19 00:48:26.797'),(143,1,4,1,0,'2018-06-19 00:50:49.925'),(144,1,4,0,1,'2018-06-19 00:51:00.232'),(145,1,4,1,0,'2018-06-19 00:51:45.878'),(146,1,4,0,1,'2018-06-19 00:51:52.729'),(147,1,4,1,0,'2018-06-19 00:58:03.173'),(148,1,4,0,1,'2018-06-19 00:58:15.896'),(149,1,4,1,0,'2018-06-19 01:02:54.086'),(150,1,4,0,1,'2018-06-19 01:03:03.361'),(151,1,4,1,0,'2018-06-19 01:05:54.837'),(152,1,4,0,1,'2018-06-19 01:06:00.429'),(153,1,4,1,0,'2018-06-19 01:07:45.969'),(154,1,4,0,1,'2018-06-19 01:07:52.382'),(155,1,4,1,0,'2018-06-19 01:09:44.841'),(156,1,4,0,1,'2018-06-19 01:09:51.838'),(157,1,4,1,0,'2018-06-19 01:10:11.569'),(158,1,4,0,1,'2018-06-19 01:10:17.249'),(159,1,4,1,0,'2018-06-19 01:12:29.455'),(160,1,4,0,1,'2018-06-19 01:12:57.124'),(161,1,4,1,0,'2018-06-19 01:15:18.480'),(162,1,4,0,1,'2018-06-19 01:15:22.937'),(163,1,4,1,0,'2018-06-19 01:16:43.429'),(164,1,4,0,1,'2018-06-19 01:16:48.271'),(165,1,4,1,0,'2018-06-19 01:21:25.124'),(166,1,4,0,1,'2018-06-19 01:21:43.827'),(167,1,4,1,0,'2018-06-19 01:24:02.033'),(168,1,4,0,1,'2018-06-19 01:24:09.046'),(169,1,4,1,0,'2018-06-19 01:27:22.874'),(170,1,4,0,1,'2018-06-19 01:27:30.998');
/*!40000 ALTER TABLE `StatusHistory` ENABLE KEYS */;
UNLOCK TABLES;

--
-- Table structure for table `User`
--

DROP TABLE IF EXISTS `User`;
/*!40101 SET @saved_cs_client     = @@character_set_client */;
/*!40101 SET character_set_client = utf8 */;
CREATE TABLE `User` (
  `id` int(11) NOT NULL AUTO_INCREMENT,
  `userName` varchar(100) DEFAULT NULL,
  `password` varchar(100) DEFAULT NULL,
  `token` varchar(100) DEFAULT NULL,
  `level` int(11) DEFAULT NULL,
  PRIMARY KEY (`id`)
) ENGINE=InnoDB AUTO_INCREMENT=8 DEFAULT CHARSET=utf8;
/*!40101 SET character_set_client = @saved_cs_client */;

--
-- Dumping data for table `User`
--

LOCK TABLES `User` WRITE;
/*!40000 ALTER TABLE `User` DISABLE KEYS */;
INSERT INTO `User` VALUES (1,'admin','admin','bcd2781e-a2ae-4eca-a19a-2a2072c32734',4),(2,'dispatcher','dispatcher','9513d381-8d62-4f9b-bbaa-b5501ad28359',3),(3,'apiUser','apiUser','9fa6cde0-957a-49ac-bc9d-0a087046b1b6',2),(4,'c8H1XWvh','GyS3nSYBPVa9Z2I3','4dab48af-06d1-4562-9593-1fc19ca4076c',1),(5,'i8em1yFg','4mmqBNjPUOGx7K0D',NULL,2),(6,'6w1uSIRK','99y3F8HJKiokXRlu',NULL,2),(7,'pprWPg1a','JFaQV3KfbgyVwc76',NULL,2);
/*!40000 ALTER TABLE `User` ENABLE KEYS */;
UNLOCK TABLES;

--
-- Table structure for table `Vehicle`
--

DROP TABLE IF EXISTS `Vehicle`;
/*!40101 SET @saved_cs_client     = @@character_set_client */;
/*!40101 SET character_set_client = utf8 */;
CREATE TABLE `Vehicle` (
  `id` int(11) NOT NULL AUTO_INCREMENT,
  `timeStamp` timestamp(3) NULL DEFAULT CURRENT_TIMESTAMP(3) ON UPDATE CURRENT_TIMESTAMP(3),
  `vehicleDescription` varchar(100) DEFAULT NULL,
  `vehicleLicensePlate` varchar(100) DEFAULT NULL,
  `driver` int(11) DEFAULT NULL,
  `status` int(11) DEFAULT NULL,
  `latitude` double DEFAULT NULL,
  `longitude` double DEFAULT NULL,
  PRIMARY KEY (`id`),
  UNIQUE KEY `Vehicle_UN` (`driver`),
  KEY `Vehicle_driver_IDX` (`driver`) USING BTREE,
  CONSTRAINT `Vehicle_Driver_FK` FOREIGN KEY (`driver`) REFERENCES `Driver` (`id`)
) ENGINE=InnoDB AUTO_INCREMENT=6 DEFAULT CHARSET=utf8;
/*!40101 SET character_set_client = @saved_cs_client */;

--
-- Dumping data for table `Vehicle`
--

LOCK TABLES `Vehicle` WRITE;
/*!40000 ALTER TABLE `Vehicle` DISABLE KEYS */;
INSERT INTO `Vehicle` VALUES (1,'2018-06-19 01:28:12.272',NULL,NULL,1,1,33,35.2065956),(2,'2018-06-18 23:04:18.085',NULL,NULL,NULL,0,33,0),(3,'2018-06-18 23:19:11.976',NULL,NULL,NULL,0,33,0),(4,'2018-06-18 23:19:29.939',NULL,NULL,NULL,0,33,0),(5,'2018-06-18 23:19:38.040','asdfasdfasdf','1sddfasdfadf',NULL,0,0,0);
/*!40000 ALTER TABLE `Vehicle` ENABLE KEYS */;
UNLOCK TABLES;
/*!40103 SET TIME_ZONE=@OLD_TIME_ZONE */;

/*!40101 SET SQL_MODE=@OLD_SQL_MODE */;
/*!40014 SET FOREIGN_KEY_CHECKS=@OLD_FOREIGN_KEY_CHECKS */;
/*!40014 SET UNIQUE_CHECKS=@OLD_UNIQUE_CHECKS */;
/*!40101 SET CHARACTER_SET_CLIENT=@OLD_CHARACTER_SET_CLIENT */;
/*!40101 SET CHARACTER_SET_RESULTS=@OLD_CHARACTER_SET_RESULTS */;
/*!40101 SET COLLATION_CONNECTION=@OLD_COLLATION_CONNECTION */;
/*!40111 SET SQL_NOTES=@OLD_SQL_NOTES */;

-- Dump completed on 2018-06-19  4:30:09
